Name,Wikipage,Award,Field,Year,Gender,Status
Yoichiro Nambu,https://en.wikipedia.org/wiki/Yoichiro_Nambu,Nobel,Physics,2008,male,alive
Makoto Kobayashi,https://en.wikipedia.org/wiki/Makoto_Kobayashi_(physicist),Nobel,Physics,2008,male,alive
Toshihide Maskawa,https://en.wikipedia.org/wiki/Toshihide_Maskawa,Nobel,Physics,2008,male,alive
Charles K. Kao,https://en.wikipedia.org/wiki/Charles_K._Kao,Nobel,Physics,2009,male,alive
Willard S. Boyle,https://en.wikipedia.org/wiki/Willard_Boyle,Nobel,Physics,2009,male,alive
George E. Smith,https://en.wikipedia.org/wiki/George_E._Smith,Nobel,Physics,2009,male,alive
Andre Geim,https://en.wikipedia.org/wiki/Andre_Geim,Nobel,Physics,2010,male,alive
Konstantin Novoselov,https://en.wikipedia.org/wiki/Konstantin_Novoselov,Nobel,Physics,2010,male,alive
Saul Perlmutter,https://en.wikipedia.org/wiki/Saul_Perlmutter,Nobel,Physics,2011,male,alive
Adam G. Riess,https://en.wikipedia.org/wiki/Adam_Riess,Nobel,Physics,2011,male,alive
Brian Schmidt,https://en.wikipedia.org/wiki/Brian_Schmidt,Nobel,Physics,2011,male,alive
Serge Haroche,https://en.wikipedia.org/wiki/Serge_Haroche,Nobel,Physics,2012,male,alive
David J. Wineland,https://en.wikipedia.org/wiki/David_J._Wineland,Nobel,Physics,2012,male,alive
François Englert,https://en.wikipedia.org/wiki/Fran%C3%A7ois_Englert,Nobel,Physics,2013,male,alive
Peter W. Higgs,https://en.wikipedia.org/wiki/Peter_Higgs,Nobel,Physics,2013,male,alive
Isamu Akasaki,https://en.wikipedia.org/wiki/Isamu_Akasaki,Nobel,Physics,2014,male,alive
Hiroshi Amano,https://en.wikipedia.org/wiki/Hiroshi_Amano,Nobel,Physics,2014,male,alive
Shuji Nakamura,https://en.wikipedia.org/wiki/Shuji_Nakamura,Nobel,Physics,2014,male,alive
Takaaki Kajita,https://en.wikipedia.org/wiki/Takaaki_Kajita,Nobel,Physics,2015,male,alive
Arthur B. McDonald,https://en.wikipedia.org/wiki/Arthur_B._McDonald,Nobel,Physics,2015,male,alive
Osamu Shimomura,https://en.wikipedia.org/wiki/Osamu_Shimomura,Nobel,Chemistry,2008,male,alive
Martin Chalfie,https://en.wikipedia.org/wiki/Martin_Chalfie,Nobel,Chemistry,2008,male,alive
Roger Y. Tsien,https://en.wikipedia.org/wiki/Roger_Y._Tsien,Nobel,Chemistry,2008,male,alive
Venkatraman Ramakrishnan,https://en.wikipedia.org/wiki/Venkatraman_Ramakrishnan,Nobel,Chemistry,2009,male,alive
Thomas A. Steitz,https://en.wikipedia.org/wiki/Thomas_A._Steitz,Nobel,Chemistry,2009,male,alive
Ada Yonath,https://en.wikipedia.org/wiki/Ada_Yonath,Nobel,Chemistry,2009,female,alive
Richard F. Heck,https://en.wikipedia.org/wiki/Richard_F._Heck,Nobel,Chemistry,2010,male,alive
Ei-ichi Negishi,https://en.wikipedia.org/wiki/Ei-ichi_Negishi,Nobel,Chemistry,2010,male,alive
Akira Suzuki,https://en.wikipedia.org/wiki/Akira_Suzuki_(chemist),Nobel,Chemistry,2010,male,alive
Dan Shechtman ,https://en.wikipedia.org/wiki/Dan_Shechtman,Nobel,Chemistry,2011,male,alive
Brian K. Kobilka,https://en.wikipedia.org/wiki/Brian_Kobilka,Nobel,Chemistry,2012,male,alive
Robert J. Lefkowitz,https://en.wikipedia.org/wiki/Robert_Lefkowitz,Nobel,Chemistry,2012,male,alive
Martin Karplus,https://en.wikipedia.org/wiki/Martin_Karplus,Nobel,Chemistry,2013,male,alive
Michael Levitt,https://en.wikipedia.org/wiki/Michael_Levitt,Nobel,Chemistry,2013,male,alive
Arieh Warshel,https://en.wikipedia.org/wiki/Arieh_Warshel,Nobel,Chemistry,2013,male,alive
Eric Betzig,https://en.wikipedia.org/wiki/Eric_Betzig,Nobel,Chemistry,2014,male,alive
Stefan Hell,https://en.wikipedia.org/wiki/Stefan_Hell,Nobel,Chemistry,2014,male,alive
William Moerner,https://en.wikipedia.org/wiki/William_E._Moerner,Nobel,Chemistry,2014,male,alive
Tomas Lindahl,https://en.wikipedia.org/wiki/Tomas_Lindahl,Nobel,Chemistry,2015,male,alive
Paul L. Modrich,https://en.wikipedia.org/wiki/Paul_L._Modrich,Nobel,Chemistry,2015,male,alive
Aziz Sancar,https://en.wikipedia.org/wiki/Aziz_Sancar,Nobel,Chemistry,2015,male,alive
Harald zur Hausen,https://en.wikipedia.org/wiki/Harald_zur_Hausen,Nobel,Physiology or Medicine,2008,male,alive
Françoise Barré-Sinoussi,https://en.wikipedia.org/wiki/Fran%C3%A7oise_Barr%C3%A9-Sinoussi,Nobel,Physiology or Medicine,2008,female,alive
Luc Montagnier,https://en.wikipedia.org/wiki/Luc_Montagnier,Nobel,Physiology or Medicine,2008,male,alive
Elizabeth Blackburn,https://en.wikipedia.org/wiki/Elizabeth_Blackburn,Nobel,Physiology or Medicine,2009,female,alive
Carol W. Greider,https://en.wikipedia.org/wiki/Carol_W._Greider,Nobel,Physiology or Medicine,2009,female,alive
Jack W. Szostak,https://en.wikipedia.org/wiki/Jack_W._Szostak,Nobel,Physiology or Medicine,2009,male,alive
Robert G. Edwards,https://en.wikipedia.org/wiki/Robert_Edwards_(physiologist),Nobel,Physiology or Medicine,2010,male,alive
Bruce Beutler,https://en.wikipedia.org/wiki/Bruce_Beutler,Nobel,Physiology or Medicine,2011,male,alive
Jules A. Hoffmann,https://en.wikipedia.org/wiki/Jules_A._Hoffmann,Nobel,Physiology or Medicine,2011,male,alive
Ralph M. Steinman,https://en.wikipedia.org/wiki/Ralph_M._Steinman,Nobel,Physiology or Medicine,2011,male,dead
John B. Gurdon,https://en.wikipedia.org/wiki/John_Gurdon,Nobel,Physiology or Medicine,2012,male,alive
Shinya Yamanaka,https://en.wikipedia.org/wiki/Shinya_Yamanaka,Nobel,Physiology or Medicine,2012,male,alive
James E. Rothman,https://en.wikipedia.org/wiki/James_Rothman,Nobel,Physiology or Medicine,2013,male,alive
Randy W. Schekman,https://en.wikipedia.org/wiki/Randy_Schekman,Nobel,Physiology or Medicine,2013,male,alive
Thomas C. Südhof,https://en.wikipedia.org/wiki/Thomas_C._S%C3%BCdhof,Nobel,Physiology or Medicine,2013,male,alive
John O'Keefe,https://en.wikipedia.org/wiki/John_O%27Keefe_(neuroscientist),Nobel,Physiology or Medicine,2014,male,alive
May-Britt Moser,https://en.wikipedia.org/wiki/May-Britt_Moser,Nobel,Physiology or Medicine,2014,female,alive
Edvard Moser,https://en.wikipedia.org/wiki/Edvard_Moser,Nobel,Physiology or Medicine,2014,male,alive
William C. Campbell,https://en.wikipedia.org/wiki/William_C._Campbell_(scientist),Nobel,Physiology or Medicine,2015,male,alive
Satoshi ?mura,https://en.wikipedia.org/wiki/Satoshi_%C5%8Cmura,Nobel,Physiology or Medicine,2015,male,alive
Tu Youyou,https://en.wikipedia.org/wiki/Tu_Youyou,Nobel,Physiology or Medicine,2015,female,alive
Paul Krugman,https://en.wikipedia.org/wiki/Paul_Krugman,Nobel,Economics,2008,male,alive
Elinor Ostrom,https://en.wikipedia.org/wiki/Elinor_Ostrom,Nobel,Economics,2009,female,alive
Oliver E. Williamson,https://en.wikipedia.org/wiki/Oliver_E._Williamson,Nobel,Economics,2009,male,alive
Peter A. Diamond,https://en.wikipedia.org/wiki/Peter_Diamond,Nobel,Economics,2010,male,alive
Dale T. Mortensen,https://en.wikipedia.org/wiki/Dale_T._Mortensen,Nobel,Economics,2010,male,alive
Christopher A. Pissarides,https://en.wikipedia.org/wiki/Christopher_A._Pissarides,Nobel,Economics,2010,male,alive
Thomas J. Sargent,https://en.wikipedia.org/wiki/Thomas_J._Sargent,Nobel,Economics,2011,male,alive
Christopher A. Sims,https://en.wikipedia.org/wiki/Christopher_A._Sims,Nobel,Economics,2011,male,alive
Alvin E. Roth,https://en.wikipedia.org/wiki/Alvin_E._Roth,Nobel,Economics,2012,male,alive
Lloyd S. Shapley,https://en.wikipedia.org/wiki/Lloyd_Shapley,Nobel,Economics,2012,male,alive
Eugene F. Fama,https://en.wikipedia.org/wiki/Eugene_Fama,Nobel,Economics,2013,male,alive
Lars Peter Hansen,https://en.wikipedia.org/wiki/Lars_Peter_Hansen,Nobel,Economics,2013,male,alive
Robert J. Shiller,https://en.wikipedia.org/wiki/Robert_J._Shiller,Nobel,Economics,2013,male,alive
Jean Tirole,https://en.wikipedia.org/wiki/Jean_Tirole,Nobel,Economics,2014,male,alive
Angus Deaton,https://en.wikipedia.org/wiki/Angus_Deaton,Nobel,Economics,2015,male,alive
Shizuo Akira,https://en.wikipedia.org/wiki/Shizuo_Akira,Citation Laureate,Physiology or Medicine,2008,male,alive
Bruce Beutler,https://en.wikipedia.org/wiki/Bruce_Beutler,Citation Laureate,Physiology or Medicine,2008,male,alive
Jules A. Hoffmann,https://en.wikipedia.org/wiki/Jules_A._Hoffmann,Citation Laureate,Physiology or Medicine,2008,male,alive
Victor Ambros,https://en.wikipedia.org/wiki/Victor_Ambros,Citation Laureate,Physiology or Medicine,2008,male,alive
Gary Ruvkun,https://en.wikipedia.org/wiki/Gary_Ruvkun,Citation Laureate,Physiology or Medicine,2008,male,alive
Rory Collins,https://en.wikipedia.org/wiki/Rory_Collins,Citation Laureate,Physiology or Medicine,2008,male,alive
Richard Peto,https://en.wikipedia.org/wiki/Richard_Peto,Citation Laureate,Physiology or Medicine,2008,male,alive
Elizabeth Blackburn,https://en.wikipedia.org/wiki/Elizabeth_Blackburn,Citation Laureate,Physiology or Medicine,2009,female,alive
Carol W. Greider,https://en.wikipedia.org/wiki/Carol_W._Greider,Citation Laureate,Physiology or Medicine,2009,female,alive
Jack W. Szostak,https://en.wikipedia.org/wiki/Jack_W._Szostak,Citation Laureate,Physiology or Medicine,2009,male,alive
James E. Rothman,https://en.wikipedia.org/wiki/James_Rothman,Citation Laureate,Physiology or Medicine,2009,male,alive
Randy W. Schekman,https://en.wikipedia.org/wiki/Randy_Schekman,Citation Laureate,Physiology or Medicine,2009,male,alive
Seiji Ogawa,https://en.wikipedia.org/wiki/Seiji_Ogawa,Citation Laureate,Physiology or Medicine,2009,male,dead
Douglas Coleman,https://en.wikipedia.org/wiki/Douglas_L._Coleman,Citation Laureate,Physiology or Medicine,2010,male,dead
Jeffrey M. Friedman,https://en.wikipedia.org/wiki/Jeffrey_M._Friedman,Citation Laureate,Physiology or Medicine,2010,male,alive
Ernest McCulloch,https://en.wikipedia.org/wiki/Ernest_McCulloch,Citation Laureate,Physiology or Medicine,2010,male,dead
James Till,https://en.wikipedia.org/wiki/James_Till,Citation Laureate,Physiology or Medicine,2010,male,alive
Shinya Yamanaka,https://en.wikipedia.org/wiki/Shinya_Yamanaka,Citation Laureate,Physiology or Medicine,2010,male,alive
Ralph M. Steinman,https://en.wikipedia.org/wiki/Ralph_M._Steinman,Citation Laureate,Physiology or Medicine,2010,male,dead
Brian Druker,https://en.wikipedia.org/wiki/Brian_Druker,Citation Laureate,Physiology or Medicine,2011,male,alive
Nicholas Lydon,https://en.wikipedia.org/wiki/Nicholas_Lydon,Citation Laureate,Physiology or Medicine,2011,male,alive
Charles Sawyers,https://en.wikipedia.org/wiki/Charles_Sawyers,Citation Laureate,Physiology or Medicine,2011,male,alive
Robert S. Langer,https://en.wikipedia.org/wiki/Robert_S._Langer,Citation Laureate,Physiology or Medicine,2011,male,alive
Jacques Miller,https://en.wikipedia.org/wiki/Jacques_Miller,Citation Laureate,Physiology or Medicine,2011,male,alive
Richard Hynes,https://en.wikipedia.org/wiki/Richard_Hynes,Citation Laureate,Physiology or Medicine,2012,male,alive
Erkki Ruoslahti,https://en.wikipedia.org/wiki/Erkki_Ruoslahti,Citation Laureate,Physiology or Medicine,2012,male,alive
Masatoshi Takeichi,https://en.wikipedia.org/wiki/Masatoshi_Takeichi,Citation Laureate,Physiology or Medicine,2012,male,alive
Anthony R. Hunter,https://en.wikipedia.org/wiki/Anthony_R._Hunter,Citation Laureate,Physiology or Medicine,2012,male,alive
Anthony Pawson,https://en.wikipedia.org/wiki/Anthony_Pawson,Citation Laureate,Physiology or Medicine,2012,male,dead
Charles David Allis,https://en.wikipedia.org/wiki/Charles_David_Allis,Citation Laureate,Physiology or Medicine,2012,male,alive
Michael Grunstein,https://en.wikipedia.org/wiki/Michael_Grunstein,Citation Laureate,Physiology or Medicine,2012,male,alive
Yoshinori Ohsumi,https://en.wikipedia.org/wiki/Yoshinori_Ohsumi,Citation Laureate,Physiology or Medicine,2013,male,alive
Adrian Bird,https://en.wikipedia.org/wiki/Adrian_Bird,Citation Laureate,Physiology or Medicine,2013,male,alive
Howard Cedar,https://en.wikipedia.org/wiki/Howard_Cedar,Citation Laureate,Physiology or Medicine,2013,male,alive
Aharon Razin,https://en.wikipedia.org/wiki/Aharon_Razin,Citation Laureate,Physiology or Medicine,2013,male,alive
Dennis Slamon,https://en.wikipedia.org/wiki/Dennis_Slamon,Citation Laureate,Physiology or Medicine,2013,male,alive
James E. Darnell,https://en.wikipedia.org/wiki/James_E._Darnell,Citation Laureate,Physiology or Medicine,2014,male,alive
David Julius,https://en.wikipedia.org/wiki/David_Julius,Citation Laureate,Physiology or Medicine,2014,male,alive
Charles Lee,https://en.wikipedia.org/wiki/Charles_Lee_(scientist),Citation Laureate,Physiology or Medicine,2014,male,alive
Robert G. Roeder,https://en.wikipedia.org/wiki/Robert_G._Roeder,Citation Laureate,Physiology or Medicine,2014,male,alive
Stephen W. Scherer,https://en.wikipedia.org/wiki/Stephen_W._Scherer,Citation Laureate,Physiology or Medicine,2014,male,alive
Robert Tjian,https://en.wikipedia.org/wiki/Robert_Tjian,Citation Laureate,Physiology or Medicine,2014,male,alive
Michael Wigler,https://en.wikipedia.org/wiki/Michael_Wigler,Citation Laureate,Physiology or Medicine,2014,male,alive
Jeffrey I. Gordon,https://en.wikipedia.org/wiki/Jeffrey_I._Gordon,Citation Laureate,Physiology or Medicine,2015,male,alive
Kazutoshi Mori,https://en.wikipedia.org/wiki/Kazutoshi_Mori,Citation Laureate,Physiology or Medicine,2015,male,alive
Peter Walter,https://en.wikipedia.org/wiki/Peter_Walter,Citation Laureate,Physiology or Medicine,2015,male,alive
Shimon Sakaguchi,https://en.wikipedia.org/wiki/Shimon_Sakaguchi,Citation Laureate,Physiology or Medicine,2015,male,alive
Andre Geim,https://en.wikipedia.org/wiki/Andre_Geim,Citation Laureate,Physics,2008,male,alive
Konstantin Novoselov,https://en.wikipedia.org/wiki/Konstantin_Novoselov,Citation Laureate,Physics,2008,male,alive
Dan Shechtman ,https://en.wikipedia.org/wiki/Dan_Shechtman,Citation Laureate,Physics,2008,male,alive
Vera Rubin,https://en.wikipedia.org/wiki/Vera_Rubin,Citation Laureate,Physics,2008,female,alive
Roger Penrose,https://en.wikipedia.org/wiki/Roger_Penrose,Citation Laureate,Physics,2008,male,alive
Yakir Aharonov,https://en.wikipedia.org/wiki/Yakir_Aharonov,Citation Laureate,Physics,2009,male,alive
Michael Berry,https://en.wikipedia.org/wiki/Michael_Berry_(physicist),Citation Laureate,Physics,2009,male,alive
John Pendry,https://en.wikipedia.org/wiki/John_Pendry,Citation Laureate,Physics,2009,male,alive
David R. Smith,https://en.wikipedia.org/wiki/David_R._Smith,Citation Laureate,Physics,2009,male,alive
Juan Ignacio Cirac Sasturain,https://en.wikipedia.org/wiki/Juan_Ignacio_Cirac_Sasturain,Citation Laureate,Physics,2009,male,alive
Peter Zoller,https://en.wikipedia.org/wiki/Peter_Zoller,Citation Laureate,Physics,2009,male,alive
Saul Perlmutter,https://en.wikipedia.org/wiki/Saul_Perlmutter,Citation Laureate,Physics,2010,male,alive
Adam G. Riess,https://en.wikipedia.org/wiki/Adam_Riess,Citation Laureate,Physics,2010,male,alive
Brian Schmidt,https://en.wikipedia.org/wiki/Brian_Schmidt,Citation Laureate,Physics,2010,male,alive
Charles L. Bennett,https://en.wikipedia.org/wiki/Charles_L._Bennett,Citation Laureate,Physics,2010,male,alive
Lyman Page,https://en.wikipedia.org/wiki/Lyman_Page,Citation Laureate,Physics,2010,male,alive
David Spergel,https://en.wikipedia.org/wiki/David_Spergel,Citation Laureate,Physics,2010,male,alive
Thomas Ebbesen,https://en.wikipedia.org/wiki/Thomas_Ebbesen,Citation Laureate,Physics,2010,male,alive
Alain Aspect,https://en.wikipedia.org/wiki/Alain_Aspect,Citation Laureate,Physics,2011,male,alive
John Clauser,https://en.wikipedia.org/wiki/John_Clauser,Citation Laureate,Physics,2011,male,alive
Anton Zeilinger,https://en.wikipedia.org/wiki/Anton_Zeilinger,Citation Laureate,Physics,2011,male,alive
Sajeev John,https://en.wikipedia.org/wiki/Sajeev_John,Citation Laureate,Physics,2011,male,alive
Eli Yablonovitch,https://en.wikipedia.org/wiki/Eli_Yablonovitch,Citation Laureate,Physics,2011,male,alive
Hideo Ohno,https://en.wikipedia.org/wiki/Hideo_Ohno,Citation Laureate,Physics,2011,male,alive
Stephen E. Harris,https://en.wikipedia.org/wiki/Stephen_E._Harris,Citation Laureate,Physics,2012,male,alive
Lene Hau,https://en.wikipedia.org/wiki/Lene_Hau,Citation Laureate,Physics,2012,female,alive
Leigh Canham,https://en.wikipedia.org/wiki/Leigh_Canham,Citation Laureate,Physics,2012,male,alive
Charles H. Bennett,https://en.wikipedia.org/wiki/Charles_H._Bennett_(computer_scientist),Citation Laureate,Physics,2012,male,alive
Gilles Brassard,https://en.wikipedia.org/wiki/Gilles_Brassard,Citation Laureate,Physics,2012,male,alive
William Wootters,https://en.wikipedia.org/wiki/William_Wootters,Citation Laureate,Physics,2012,male,alive
François Englert,https://en.wikipedia.org/wiki/Fran%C3%A7ois_Englert,Citation Laureate,Physics,2013,male,alive
Peter W. Higgs,https://en.wikipedia.org/wiki/Peter_Higgs,Citation Laureate,Physics,2013,male,alive
Geoffrey Marcy,https://en.wikipedia.org/wiki/Geoffrey_Marcy,Citation Laureate,Physics,2013,male,alive
Michel Mayor,https://en.wikipedia.org/wiki/Michel_Mayor,Citation Laureate,Physics,2013,male,alive
Didier Queloz,https://en.wikipedia.org/wiki/Didier_Queloz,Citation Laureate,Physics,2013,male,alive
Hideo Hosono,https://en.wikipedia.org/wiki/Hideo_Hosono,Citation Laureate,Physics,2013,male,alive
Charles L. Kane,https://en.wikipedia.org/wiki/Charles_L._Kane,Citation Laureate,Physics,2014,male,alive
Laurens W. Molenkamp,https://en.wikipedia.org/wiki/Laurens_W._Molenkamp,Citation Laureate,Physics,2014,male,alive
Ramamoorthy Ramesh,https://en.wikipedia.org/wiki/Ramamoorthy_Ramesh,Citation Laureate,Physics,2014,male,alive
Yoshinori Tokura,https://en.wikipedia.org/wiki/Yoshinori_Tokura,Citation Laureate,Physics,2014,male,alive
Peidong Yang,https://en.wikipedia.org/wiki/Peidong_Yang,Citation Laureate,Physics,2014,male,alive
Shoucheng Zhang,https://en.wikipedia.org/wiki/Shoucheng_Zhang,Citation Laureate,Physics,2014,male,alive
Paul Corkum,https://en.wikipedia.org/wiki/Paul_Corkum,Citation Laureate,Physics,2015,male,alive
Ferenc Krausz,https://en.wikipedia.org/wiki/Ferenc_Krausz,Citation Laureate,Physics,2015,male,alive
Deborah S. Jin,https://en.wikipedia.org/wiki/Deborah_S._Jin,Citation Laureate,Physics,2015,female,alive
Zhong Lin Wang,https://en.wikipedia.org/wiki/Zhong_Lin_Wang,Citation Laureate,Physics,2015,male,alive
Roger Y. Tsien,https://en.wikipedia.org/wiki/Roger_Y._Tsien,Citation Laureate,Chemistry,2008,male,alive
Charles M. Lieber,https://en.wikipedia.org/wiki/Charles_M._Lieber,Citation Laureate,Chemistry,2008,male,alive
Krzysztof Matyjaszewski,https://en.wikipedia.org/wiki/Krzysztof_Matyjaszewski,Citation Laureate,Chemistry,2009,male,alive
Michael Grätzel,https://en.wikipedia.org/wiki/Michael_Gr%C3%A4tzel,Citation Laureate,Chemistry,2009,male,alive
Jacqueline Barton,https://en.wikipedia.org/wiki/Jacqueline_Barton,Citation Laureate,Chemistry,2009,female,alive
Bernd Giese,https://en.wikipedia.org/wiki/Bernd_Giese,Citation Laureate,Chemistry,2009,male,alive
Gary Schuster,https://en.wikipedia.org/wiki/Gary_Schuster,Citation Laureate,Chemistry,2009,male,alive
Patrick O. Brown,https://en.wikipedia.org/wiki/Patrick_O._Brown,Citation Laureate,Chemistry,2010,male,alive
Omar M. Yaghi,https://en.wikipedia.org/wiki/Omar_M._Yaghi,Citation Laureate,Chemistry,2010,male,alive
Stephen J. Lippard,https://en.wikipedia.org/wiki/Stephen_J._Lippard,Citation Laureate,Chemistry,2010,male,alive
Martin Karplus,https://en.wikipedia.org/wiki/Martin_Karplus,Citation Laureate,Chemistry,2011,male,alive
Allen J. Bard,https://en.wikipedia.org/wiki/Allen_J._Bard,Citation Laureate,Chemistry,2011,male,alive
Jean Fréchet,https://en.wikipedia.org/wiki/Jean_Fr%C3%A9chet,Citation Laureate,Chemistry,2011,male,alive
Louis E. Brus,https://en.wikipedia.org/wiki/Louis_E._Brus,Citation Laureate,Chemistry,2012,male,alive
Graham Hutchings,https://en.wikipedia.org/wiki/Graham_Hutchings,Citation Laureate,Chemistry,2012,male,alive
Akira Fujishima,https://en.wikipedia.org/wiki/Akira_Fujishima,Citation Laureate,Chemistry,2012,male,alive
Bruce Ames,https://en.wikipedia.org/wiki/Bruce_Ames,Citation Laureate,Chemistry,2013,male,alive
Paul Alivisatos,https://en.wikipedia.org/wiki/Paul_Alivisatos,Citation Laureate,Chemistry,2013,male,alive
Chad Mirkin,https://en.wikipedia.org/wiki/Chad_Mirkin,Citation Laureate,Chemistry,2013,male,alive
Nadrian Seeman,https://en.wikipedia.org/wiki/Nadrian_Seeman,Citation Laureate,Chemistry,2013,male,alive
Karl Barry Sharpless,https://en.wikipedia.org/wiki/Karl_Barry_Sharpless,Citation Laureate,Chemistry,2013,male,alive
Graeme Moad,https://en.wikipedia.org/wiki/Graeme_Moad,Citation Laureate,Chemistry,2014,male,alive
Charles T. Kresge,https://en.wikipedia.org/wiki/Charles_T._Kresge,Citation Laureate,Chemistry,2014,male,alive
Ryoo Ryong,https://en.wikipedia.org/wiki/Ryoo_Ryong,Citation Laureate,Chemistry,2014,male,alive
Steven Van Slyke,https://en.wikipedia.org/wiki/Steven_Van_Slyke,Citation Laureate,Chemistry,2014,male,alive
Galen D. Stucky,https://en.wikipedia.org/wiki/Galen_D._Stucky,Citation Laureate,Chemistry,2014,male,alive
Ching W. Tang,https://en.wikipedia.org/wiki/Ching_W._Tang,Citation Laureate,Chemistry,2014,male,alive
Carolyn R. Bertozzi,https://en.wikipedia.org/wiki/Carolyn_R._Bertozzi,Citation Laureate,Chemistry,2015,female,alive
Emmanuelle Charpentier,https://en.wikipedia.org/wiki/Emmanuelle_Charpentier,Citation Laureate,Chemistry,2015,female,alive
Jennifer Doudna,https://en.wikipedia.org/wiki/Jennifer_Doudna,Citation Laureate,Chemistry,2015,female,alive
John B. Goodenough,https://en.wikipedia.org/wiki/John_B._Goodenough,Citation Laureate,Chemistry,2015,male,alive
M Stanley Whittingham,https://en.wikipedia.org/wiki/M_Stanley_Whittingham,Citation Laureate,Chemistry,2015,male,alive
Lars Peter Hansen,https://en.wikipedia.org/wiki/Lars_Peter_Hansen,Citation Laureate,Economics,2008,male,alive
Thomas J. Sargent,https://en.wikipedia.org/wiki/Thomas_J._Sargent,Citation Laureate,Economics,2008,male,alive
Christopher A. Sims,https://en.wikipedia.org/wiki/Christopher_A._Sims,Citation Laureate,Economics,2008,male,alive
Armen Alchian,https://en.wikipedia.org/wiki/Armen_Alchian,Citation Laureate,Economics,2008,male,dead
Harold Demsetz,https://en.wikipedia.org/wiki/Harold_Demsetz,Citation Laureate,Economics,2008,male,alive
Martin Feldstein,https://en.wikipedia.org/wiki/Martin_Feldstein,Citation Laureate,Economics,2008,male,alive
Ernst Fehr,https://en.wikipedia.org/wiki/Ernst_Fehr,Citation Laureate,Economics,2009,male,alive
Matthew Rabin,https://en.wikipedia.org/wiki/Matthew_Rabin,Citation Laureate,Economics,2009,male,alive
William Nordhaus,https://en.wikipedia.org/wiki/William_Nordhaus,Citation Laureate,Economics,2009,male,alive
Martin Weitzman,https://en.wikipedia.org/wiki/Martin_Weitzman,Citation Laureate,Economics,2009,male,alive
Jordi Galí,https://en.wikipedia.org/wiki/Jordi_Gal%C3%AD,Citation Laureate,Economics,2009,male,alive
Mark Gertler,https://en.wikipedia.org/wiki/Mark_Gertler_(economist),Citation Laureate,Economics,2009,male,alive
Alberto Alesina,https://en.wikipedia.org/wiki/Alberto_Alesina,Citation Laureate,Economics,2010,male,alive
Nobuhiro Kiyotaki,https://en.wikipedia.org/wiki/Nobuhiro_Kiyotaki,Citation Laureate,Economics,2010,male,alive
John Hardman Moore,https://en.wikipedia.org/wiki/John_Hardman_Moore,Citation Laureate,Economics,2010,male,alive
Kevin M. Murphy,https://en.wikipedia.org/wiki/Kevin_M._Murphy,Citation Laureate,Economics,2010,male,alive
Douglas Diamond,https://en.wikipedia.org/wiki/Douglas_Diamond,Citation Laureate,Economics,2011,male,alive
Anne Osborn Krueger,https://en.wikipedia.org/wiki/Anne_Osborn_Krueger,Citation Laureate,Economics,2011,female,alive
Gordon Tullock,https://en.wikipedia.org/wiki/Gordon_Tullock,Citation Laureate,Economics,2011,male,dead
Jerry A. Hausman,https://en.wikipedia.org/wiki/Jerry_A._Hausman,Citation Laureate,Economics,2011,male,alive
Halbert White,https://en.wikipedia.org/wiki/Halbert_White,Citation Laureate,Economics,2011,male,dead
Angus Deaton,https://en.wikipedia.org/wiki/Angus_Deaton,Citation Laureate,Economics,2012,male,alive
Stephen Ross,https://en.wikipedia.org/wiki/Stephen_Ross_(economist),Citation Laureate,Economics,2012,male,alive
Tony Atkinson,https://en.wikipedia.org/wiki/Tony_Atkinson,Citation Laureate,Economics,2012,male,alive
David Forbes Hendry,https://en.wikipedia.org/wiki/David_Forbes_Hendry,Citation Laureate,Economics,2013,male,alive
M. Hashem Pesaran,https://en.wikipedia.org/wiki/M._Hashem_Pesaran,Citation Laureate,Economics,2013,male,alive
Peter C. B. Phillips,https://en.wikipedia.org/wiki/Peter_C._B._Phillips,Citation Laureate,Economics,2013,male,alive
Sam Peltzman,https://en.wikipedia.org/wiki/Sam_Peltzman,Citation Laureate,Economics,2013,male,alive
Richard Posner,https://en.wikipedia.org/wiki/Richard_Posner,Citation Laureate,Economics,2013,male,alive
Joshua Angrist,https://en.wikipedia.org/wiki/Joshua_Angrist,Citation Laureate,Economics,2013,male,alive
David Card,https://en.wikipedia.org/wiki/David_Card,Citation Laureate,Economics,2013,male,alive
Alan Krueger,https://en.wikipedia.org/wiki/Alan_Krueger,Citation Laureate,Economics,2013,male,alive
Philippe Aghion,https://en.wikipedia.org/wiki/Philippe_Aghion,Citation Laureate,Economics,2014,male,alive
William Baumol,https://en.wikipedia.org/wiki/William_Baumol,Citation Laureate,Economics,2014,male,alive
Mark Granovetter,https://en.wikipedia.org/wiki/Mark_Granovetter,Citation Laureate,Economics,2014,male,alive
Peter Howitt,https://en.wikipedia.org/wiki/Peter_Howitt_(economist),Citation Laureate,Economics,2014,male,alive
Israel Kirzner,https://en.wikipedia.org/wiki/Israel_Kirzner,Citation Laureate,Economics,2014,male,alive
Richard Blundell,https://en.wikipedia.org/wiki/Richard_Blundell,Citation Laureate,Economics,2015,male,alive
John A. List,https://en.wikipedia.org/wiki/John_A._List,Citation Laureate,Economics,2015,male,alive
Charles F. Manski,https://en.wikipedia.org/wiki/Charles_F._Manski,Citation Laureate,Economics,2015,male,alive
Elon Lindenstrauss,https://en.wikipedia.org/wiki/Elon_Lindenstrauss,Fields Medal,Mathematics,2010,male,alive
Ngô B?o Châu,https://en.wikipedia.org/wiki/Ng%C3%B4_B%E1%BA%A3o_Ch%C3%A2u,Fields Medal,Mathematics,2011,male,alive
Stanislav Smirnov,https://en.wikipedia.org/wiki/Stanislav_Smirnov,Fields Medal,Mathematics,2012,male,alive
Cédric Villani,https://en.wikipedia.org/wiki/C%C3%A9dric_Villani,Fields Medal,Mathematics,2013,male,alive
Artur Avila,https://en.wikipedia.org/wiki/Artur_Avila,Fields Medal,Mathematics,2014,male,alive
Manjul Bhargava,https://en.wikipedia.org/wiki/Manjul_Bhargava,Fields Medal,Mathematics,2014,male,alive
Martin Hairer,https://en.wikipedia.org/wiki/Martin_Hairer,Fields Medal,Mathematics,2014,male,alive
Maryam Mirzakhani,https://en.wikipedia.org/wiki/Maryam_Mirzakhani,Fields Medal,Mathematics,2014,female,alive
John G. Thompson,https://en.wikipedia.org/wiki/John_G._Thompson,Abel Prize,Mathematics,2008,male,alive
Jacques Tits,https://en.wikipedia.org/wiki/Jacques_Tits,Abel Prize,Mathematics,2008,male,alive
Mikhail Leonidovich Gromov,https://en.wikipedia.org/wiki/Mikhail_Leonidovich_Gromov,Abel Prize,Mathematics,2009,male,alive
John Tate,https://en.wikipedia.org/wiki/John_Tate,Abel Prize,Mathematics,2010,male,alive
John Milnor,https://en.wikipedia.org/wiki/John_Milnor,Abel Prize,Mathematics,2011,male,alive
Endre Szemerédi,https://en.wikipedia.org/wiki/Endre_Szemer%C3%A9di,Abel Prize,Mathematics,2012,male,alive
Pierre Deligne,https://en.wikipedia.org/wiki/Pierre_Deligne,Abel Prize,Mathematics,2013,male,alive
Yakov Sinai,https://en.wikipedia.org/wiki/Yakov_Sinai,Abel Prize,Mathematics,2014,male,alive
John Forbes Nash Jr.,https://en.wikipedia.org/wiki/John_Forbes_Nash_Jr.,Abel Prize,Mathematics,2014,male,dead
Louis Nirenberg,https://en.wikipedia.org/wiki/Louis_Nirenberg,Abel Prize,Mathematics,2015,male,alive
G. David Tilman,https://en.wikipedia.org/wiki/G._David_Tilman,International Prize for Biology,Biology,2008,male,alive
Winslow Briggs,https://en.wikipedia.org/wiki/Winslow_Briggs,International Prize for Biology,Biology,2009,male,alive
Nancy A. Moran,https://en.wikipedia.org/wiki/Nancy_A._Moran,International Prize for Biology,Biology,2010,female,alive
Eric H. Davidson,https://en.wikipedia.org/wiki/Eric_H._Davidson,International Prize for Biology,Biology,2011,male,dead
Joseph Altman,https://en.wikipedia.org/wiki/Joseph_Altman,International Prize for Biology,Biology,2012,male,alive
Joseph Felsenstein,https://en.wikipedia.org/wiki/Joseph_Felsenstein,International Prize for Biology,Biology,2013,male,alive
Peter Crane,https://en.wikipedia.org/wiki/Peter_Crane,International Prize for Biology,Biology,2014,male,alive
Yoshinori Ohsumi,https://en.wikipedia.org/wiki/Yoshinori_Ohsumi,International Prize for Biology,Biology,2015,male,alive
Barbara Liskov,https://en.wikipedia.org/wiki/Barbara_Liskov,Turing Award,Computer Science,2008,female,alive
Charles P. Thacker,https://en.wikipedia.org/wiki/Charles_P._Thacker,Turing Award,Computer Science,2009,male,alive
Leslie Valiant,https://en.wikipedia.org/wiki/Leslie_Valiant,Turing Award,Computer Science,2010,male,alive
Judea Pearl,https://en.wikipedia.org/wiki/Judea_Pearl,Turing Award,Computer Science,2011,male,alive
Silvio Micali,https://en.wikipedia.org/wiki/Silvio_Micali,Turing Award,Computer Science,2012,male,alive
Shafi Goldwasser,https://en.wikipedia.org/wiki/Shafi_Goldwasser,Turing Award,Computer Science,2012,female,alive
Leslie Lamport,https://en.wikipedia.org/wiki/Leslie_Lamport,Turing Award,Computer Science,2013,male,alive
Michael Stonebraker,https://en.wikipedia.org/wiki/Michael_Stonebraker,Turing Award,Computer Science,2014,male,alive
Martin Hellman,https://en.wikipedia.org/wiki/Martin_Hellman,Turing Award,Computer Science,2015,male,alive
Whitfield Diffie,https://en.wikipedia.org/wiki/Whitfield_Diffie,Turing Award,Computer Science,2015,male,alive
Gordon Moore,https://en.wikipedia.org/wiki/Gordon_Moore,IEEE Medal of Honor,Computer Science,2008,male,alive
Robert H. Dennard,https://en.wikipedia.org/wiki/Robert_H._Dennard,IEEE Medal of Honor,Computer Science,2009,male,alive
Andrew Viterbi,https://en.wikipedia.org/wiki/Andrew_Viterbi,IEEE Medal of Honor,Computer Science,2010,male,alive
Morris Chang,https://en.wikipedia.org/wiki/Morris_Chang,IEEE Medal of Honor,Computer Science,2011,male,alive
John L. Hennessy,https://en.wikipedia.org/wiki/John_L._Hennessy,IEEE Medal of Honor,Computer Science,2012,male,alive
Irwin M. Jacobs,https://en.wikipedia.org/wiki/Irwin_M._Jacobs,IEEE Medal of Honor,Computer Science,2013,male,alive
B. Jayant Baliga,https://en.wikipedia.org/wiki/B._Jayant_Baliga,IEEE Medal of Honor,Computer Science,2014,male,alive
Mildred Dresselhaus,https://en.wikipedia.org/wiki/Mildred_Dresselhaus,IEEE Medal of Honor,Computer Science,2015,female,alive
