Simon White,https://en.wikipedia.org/wiki/Simon_White,Biology & Biochemistry
Jens Nielsen,https://en.wikipedia.org/wiki/Jens_Nielsen,Biology & Biochemistry
Ruedi Aebersold,https://en.wikipedia.org/wiki/Ruedi_Aebersold,Biology & Biochemistry
Daniel Rios,https://en.wikipedia.org/wiki/Daniel_Rios,Biology & Biochemistry
Peer Bork,https://en.wikipedia.org/wiki/Peer_Bork,Biology & Biochemistry
Rolf Apweiler,https://en.wikipedia.org/wiki/Rolf_Apweiler,Biology & Biochemistry
Alex Bateman,https://en.wikipedia.org/wiki/Alex_Bateman,Biology & Biochemistry
Ewan Birney,https://en.wikipedia.org/wiki/Ewan_Birney,Biology & Biochemistry
Joseph Schlessinger,https://en.wikipedia.org/wiki/Joseph_Schlessinger,Molecular Biology & Genetics
Mietek Jaroniec,https://en.wikipedia.org/wiki/Mietek_Jaroniec,Chemistry
Frank Neese,https://en.wikipedia.org/wiki/Frank_Neese,Chemistry
Kimoon Kim,https://en.wikipedia.org/wiki/Kimoon_kim,Chemistry
Dieter Enders,https://en.wikipedia.org/wiki/Dieter_Enders,Chemistry
Takuzo Aida,https://en.wikipedia.org/wiki/Takuzo_Aida,Chemistry
Jing Li,https://en.wikipedia.org/wiki/Jing_Li_(chemist),Chemistry
Taeghwan Hyeon,https://en.wikipedia.org/wiki/Taeghwan_Hyeon,Chemistry
Zhenan Bao,https://en.wikipedia.org/wiki/Zhenan_Bao,Chemistry
Hongjie Dai,https://en.wikipedia.org/wiki/Hongjie_Dai,Chemistry
Didier Astruc,https://en.wikipedia.org/wiki/Didier_Astruc,Chemistry
Joseph Wang,https://en.wikipedia.org/wiki/Joseph_Wang,Chemistry
Frank Glorius,https://en.wikipedia.org/wiki/Frank_Glorius,Chemistry
Keith Fagnou,https://en.wikipedia.org/wiki/Keith_Fagnou,Chemistry
Gerard Ferey,https://en.wikipedia.org/wiki/Gerard_Ferey,Chemistry
David Milstein,https://en.wikipedia.org/wiki/David_Milstein,Chemistry
Menachem Elimelech,https://en.wikipedia.org/wiki/Menachem_Elimelech,Chemistry
C N R Rao,https://en.wikipedia.org/wiki/C_N_R_Rao,Chemistry
Jean-Luc Bredas,https://en.wikipedia.org/wiki/Jean-Luc_Bredas,Chemistry
Jon Clardy,https://en.wikipedia.org/wiki/Jon_Clardy,Chemistry
Stephen Buchwald,https://en.wikipedia.org/wiki/Stephen_Buchwald,Chemistry
Gabor Somorjai,https://en.wikipedia.org/wiki/Gabor_Somorjai,Chemistry
Vincenzo Balzani,https://en.wikipedia.org/wiki/Vincenzo_Balzani,Chemistry
Rodney Bartlett,https://en.wikipedia.org/wiki/Rodney_bartlett,Chemistry
Elias Corey,https://en.wikipedia.org/wiki/Elias_Corey,Chemistry
Robert Crabtree,https://en.wikipedia.org/wiki/Robert_Crabtree,Chemistry
Dennis Curran,https://en.wikipedia.org/wiki/Dennis_Curran,Chemistry
Francois Diederich,https://en.wikipedia.org/wiki/Francois_Diederich,Chemistry
Graham Fleming,https://en.wikipedia.org/wiki/Graham_Fleming,Chemistry
Nicholas Handy,https://en.wikipedia.org/wiki/Nicholas_Handy,Chemistry
Richard Holm,https://en.wikipedia.org/wiki/Richard_H._Holm,Chemistry
Kendall Houk,https://en.wikipedia.org/wiki/Kendall_Houk,Chemistry
Michael Klein,https://en.wikipedia.org/wiki/Michael_L._Klein,Chemistry
Stephen Lippard,https://en.wikipedia.org/wiki/Stephen_Lippard,Chemistry
William Miller,https://en.wikipedia.org/wiki/William_H._Miller_(chemistry),Chemistry
Malcolm Chisholm,https://en.wikipedia.org/wiki/Malcolm_Chisholm,Chemistry
James Heath,https://en.wikipedia.org/wiki/James_R._Heath,Chemistry
Robert West,https://en.wikipedia.org/wiki/Robert_West_(chemist),Chemistry
Stuart Rice,https://en.wikipedia.org/wiki/Stuart_Rice,Chemistry
Dale Boger,https://en.wikipedia.org/wiki/Dale_L._Boger,Chemistry
Jean Frechet,https://en.wikipedia.org/wiki/Jean_Frechet,Chemistry
Malcolm Green,https://en.wikipedia.org/wiki/Malcolm_Green_(chemist),Chemistry
Keith Ingold,https://en.wikipedia.org/wiki/Keith_Ingold,Chemistry
Luis Oro,https://en.wikipedia.org/wiki/Luis_Oro,Chemistry
Ralph Nuzzo,https://en.wikipedia.org/wiki/Ralph_Nuzzo,Chemistry
Albert Meyers,https://en.wikipedia.org/wiki/Albert_Meyers,Chemistry
Michael Gross,https://en.wikipedia.org/wiki/Michael_L._Gross_(chemist),Chemistry
Axel Becke,https://en.wikipedia.org/wiki/Axel_Becke,Chemistry
Achim Muller,https://en.wikipedia.org/wiki/Achim_Muller,Chemistry
Joshua Jortner,https://en.wikipedia.org/wiki/Joshua_Jortner,Chemistry
Reinhart Ahlrichs,https://en.wikipedia.org/wiki/Reinhart_Ahlrichs,Chemistry
Michael Lappert,https://en.wikipedia.org/wiki/Michael_Lappert,Chemistry
Jean-Pierre Sauvage,https://en.wikipedia.org/wiki/Jean-Pierre_Sauvage,Chemistry
Leo Paquette,https://en.wikipedia.org/wiki/Leo_Paquette,Chemistry
Helmut Ringsdorf,https://en.wikipedia.org/wiki/Helmut_Ringsdorf,Chemistry
Jean-Michel Saveant,https://en.wikipedia.org/wiki/Jean-Michel_Saveant,Chemistry
Helmut Schwarz,https://en.wikipedia.org/wiki/Helmut_Schwarz,Chemistry
Eugene Braunwald,https://en.wikipedia.org/wiki/Eugene_Braunwald,Clinical Medicine
Paul M Ridker,https://en.wikipedia.org/wiki/Paul_M_Ridker,Clinical Medicine
Shuji Ogino,https://en.wikipedia.org/wiki/Shuji_Ogino,Clinical Medicine
Jean-Louis Vincent,https://en.wikipedia.org/wiki/Jean-Louis_Vincent,Clinical Medicine
Stefanie Dimmeler,https://en.wikipedia.org/wiki/Stefanie_Dimmeler,Clinical Medicine
Annarosa Leri,https://en.wikipedia.org/wiki/Annarosa_Leri,Clinical Medicine
JoAnn E Manson,https://en.wikipedia.org/wiki/Joann_E_Manson,Clinical Medicine
Peter Sleight,https://en.wikipedia.org/wiki/Peter_Sleight,Clinical Medicine
Frans Van de Werf,https://en.wikipedia.org/wiki/Frans_Van_de_Werf,Clinical Medicine
Salim Yusuf,https://en.wikipedia.org/wiki/Salim_Yusuf,Clinical Medicine
Jose Baselga,https://en.wikipedia.org/wiki/Jose_Baselga,Clinical Medicine
Valentin Fuster,https://en.wikipedia.org/wiki/Valentin_Fuster,Clinical Medicine
Jack Cuzick,https://en.wikipedia.org/wiki/Jack_Cuzick,Clinical Medicine
Sharon Ann Hunt,https://en.wikipedia.org/wiki/Sharon_Ann_Hunt,Clinical Medicine
Dariush Mozaffarian,https://en.wikipedia.org/wiki/Dariush_Mozaffarian,Clinical Medicine
Matthias Egger,https://en.wikipedia.org/wiki/Matthias_Egger,Clinical Medicine
John Danesh,https://en.wikipedia.org/wiki/John_Danesh,Clinical Medicine
Ian Ford,https://en.wikipedia.org/wiki/Ian_Ford,Clinical Medicine
Stephen MacMahon,https://en.wikipedia.org/wiki/Stephen_MacMahon,Clinical Medicine
Zeljko Reiner,https://en.wikipedia.org/wiki/Zeljko_Reiner,Clinical Medicine
Alan Ashworth,https://en.wikipedia.org/wiki/Alan_Ashworth,Clinical Medicine
Hans Clevers,https://en.wikipedia.org/wiki/Hans_Clevers,Clinical Medicine
Napoleone Ferrara,https://en.wikipedia.org/wiki/Napoleone_Ferrara,Clinical Medicine
Ralph Weissleder,https://en.wikipedia.org/wiki/Ralph_Weissleder,Clinical Medicine
Rudolf Jaenisch,https://en.wikipedia.org/wiki/Rudolf_Jaenisch,Clinical Medicine
Werner Hacke,https://en.wikipedia.org/wiki/Werner_Hacke,Clinical Medicine
George Davey Smith,https://en.wikipedia.org/wiki/George_Davey_Smith,Clinical Medicine
Graham Colditz,https://en.wikipedia.org/wiki/Graham_Colditz,Clinical Medicine
Tadamitsu Kishimoto,https://en.wikipedia.org/wiki/Tadamitsu_Kishimoto,Clinical Medicine
Stephen Bloom,https://en.wikipedia.org/wiki/Stephen_R._Bloom,Clinical Medicine
Salvador Moncada,https://en.wikipedia.org/wiki/Salvador_Moncada,Clinical Medicine
Axel Ullrich,https://en.wikipedia.org/wiki/Axel_Ullrich,Clinical Medicine
Ira Pastan,https://en.wikipedia.org/wiki/Ira_Pastan,Clinical Medicine
Kenneth Kendler,https://en.wikipedia.org/wiki/Kenneth_Kendler,Clinical Medicine
Thomas Starzl,https://en.wikipedia.org/wiki/Thomas_Starzl,Clinical Medicine
Allen Steere,https://en.wikipedia.org/wiki/Allen_Steere,Clinical Medicine
Samuel Broder,https://en.wikipedia.org/wiki/Samuel_Broder,Clinical Medicine
Carlo La Vecchia,https://en.wikipedia.org/wiki/Carlo_La_Vecchia,Clinical Medicine
Paul Volberding,https://en.wikipedia.org/wiki/Paul_Volberding,Clinical Medicine
Murray Brennan,https://en.wikipedia.org/wiki/Murray_Brennan,Clinical Medicine
Victor Dzau,https://en.wikipedia.org/wiki/Victor_Dzau,Clinical Medicine
Robert Gale,https://en.wikipedia.org/wiki/Robert_Peter_Gale,Clinical Medicine
Jerome Groopman,https://en.wikipedia.org/wiki/Jerome_Groopman,Clinical Medicine
Charles Lieber,https://en.wikipedia.org/wiki/Charles_Lieber,Clinical Medicine
Anne O'Garra,https://en.wikipedia.org/wiki/Anne_O%27Garra,Immunology
Antonio Lanzavecchia,https://en.wikipedia.org/wiki/Antonio_Lanzavecchia,Immunology
Federica Sallusto,https://en.wikipedia.org/wiki/Federica_Sallusto,Immunology
Brigitta Stockinger,https://en.wikipedia.org/wiki/Brigitta_Stockinger,Immunology
Siamon Gordon,https://en.wikipedia.org/wiki/Siamon_Gordon,Immunology
Fiona Powrie,https://en.wikipedia.org/wiki/Fiona_Powrie,Immunology
Tadatsugu Taniguchi,https://en.wikipedia.org/wiki/Tadatsugu_Taniguchi,Immunology
Akiko Iwasaki,https://en.wikipedia.org/wiki/Akiko_Iwasaki,Immunology
Ruslan Medzhitov,https://en.wikipedia.org/wiki/Ruslan_Medzhitov,Immunology
Alan Aderem,https://en.wikipedia.org/wiki/Alan_Aderem,Immunology
Bruce D Walker,https://en.wikipedia.org/wiki/Bruce_D_Walker,Immunology
Irun Cohen,https://en.wikipedia.org/wiki/Irun_Cohen,Immunology
Douglas Green,https://en.wikipedia.org/wiki/Douglas_Green,Immunology
Huanming Yang,https://en.wikipedia.org/wiki/Huanming_Yang,Molecular Biology & Genetics
Kari Stefansson,https://en.wikipedia.org/wiki/Kari_Stefansson,Molecular Biology & Genetics
Matthias Mann,https://en.wikipedia.org/wiki/Matthias_Mann,Molecular Biology & Genetics
Joan Massague,https://en.wikipedia.org/wiki/Joan_Massague,Molecular Biology & Genetics
Kun-Liang Guan,https://en.wikipedia.org/wiki/Kun-Liang_Guan,Molecular Biology & Genetics
David Haussler,https://en.wikipedia.org/wiki/David_Haussler,Molecular Biology & Genetics
Cisca Wijmenga,https://en.wikipedia.org/wiki/Cisca_Wijmenga,Molecular Biology & Genetics
Goncalo R Abecasis,https://en.wikipedia.org/wiki/Gon%C3%A7alo_R_Abecasis,Molecular Biology & Genetics
Michael Boehnke,https://en.wikipedia.org/wiki/Michael_Boehnke,Molecular Biology & Genetics
Beth Levine,https://en.wikipedia.org/wiki/Beth_Levine_(physician),Molecular Biology & Genetics
Barry Everitt,https://en.wikipedia.org/wiki/Barry_Everitt,Neuroscience
Stephen Dunnett,https://en.wikipedia.org/wiki/Stephen_Dunnett,Neuroscience
Tomas Hokfelt,https://en.wikipedia.org/wiki/Tomas_Hokfelt,Neuroscience
Heng Li,https://en.wikipedia.org/wiki/Heng_Li,Computer Science
Babak Hassibi,https://en.wikipedia.org/wiki/Babak_Hassibi,Computer Science
Ian F Akyildiz,https://en.wikipedia.org/wiki/Ian_f_akyildiz,Computer Science
Masaru Tomita,https://en.wikipedia.org/wiki/Masaru_Tomita,Computer Science
Chih-Jen Lin,https://en.wikipedia.org/wiki/Chih-Jen_Lin,Computer Science
Elza Erkip,https://en.wikipedia.org/wiki/Elza_Erkip,Computer Science
Igor Jurisica,https://en.wikipedia.org/wiki/Igor_Jurisica,Computer Science
Dan Boneh,https://en.wikipedia.org/wiki/Dan_Boneh,Computer Science
Trevor Hastie,https://en.wikipedia.org/wiki/Trevor_Hastie,Computer Science
Michael I Jordan,https://en.wikipedia.org/wiki/Michael_i_jordan,Computer Science
Biswanath Mukherjee,https://en.wikipedia.org/wiki/Biswanath_Mukherjee,Computer Science
Thomas JR Hughes,https://en.wikipedia.org/wiki/Thomas_JR_Hughes,Computer Science
Deborah Estrin,https://en.wikipedia.org/wiki/Deborah_Estrin,Computer Science
Nello Cristianini,https://en.wikipedia.org/wiki/Nello_Cristianini,Computer Science
Ronald Fedkiw,https://en.wikipedia.org/wiki/Ronald_Fedkiw,Computer Science
Shlomo Shamai,https://en.wikipedia.org/wiki/Shlomo_Shamai,Computer Science
Edward R Dougherty,https://en.wikipedia.org/wiki/Edward_R_Dougherty,Computer Science
Tim Bollerslev,https://en.wikipedia.org/wiki/Tim_Bollerslev,Economics/Business
Campbell Harvey,https://en.wikipedia.org/wiki/Campbell_Harvey,Economics/Business
Dan Ariely,https://en.wikipedia.org/wiki/Dan_Ariely,Economics/Business
Henk Volberda,https://en.wikipedia.org/wiki/Henk_Volberda,Economics/Business
Peter Hansen,https://en.wikipedia.org/wiki/Peter_Reinhard_Hansen,Economics/Business
Edward Glaeser,https://en.wikipedia.org/wiki/Edward_Glaeser,Economics/Business
John Campbell,https://en.wikipedia.org/wiki/John_Y._Campbell,Economics/Business
Andrei Shleifer,https://en.wikipedia.org/wiki/Andrei_Shleifer,Economics/Business
Marc Melitz,https://en.wikipedia.org/wiki/Marc_Melitz,Economics/Business
Sendhil Mullainathan,https://en.wikipedia.org/wiki/Sendhil_Mullainathan,Economics/Business
Michael Tushman,https://en.wikipedia.org/wiki/Michael_Tushman,Economics/Business
Julian Birkinshaw,https://en.wikipedia.org/wiki/Julian_Birkinshaw,Economics/Business
Esther Duflo,https://en.wikipedia.org/wiki/Esther_Duflo,Economics/Business
Daron Acemoglu,https://en.wikipedia.org/wiki/Daron_Acemoglu,Economics/Business
Simon Johnson,https://en.wikipedia.org/wiki/Simon_Johnson_(economist),Economics/Business
Eric Hanushek,https://en.wikipedia.org/wiki/Eric_Hanushek,Economics/Business
Xavier Gabaix,https://en.wikipedia.org/wiki/Xavier_Gabaix,Economics/Business
Steven Kaplan,https://en.wikipedia.org/wiki/Steven_Kaplan_(economist),Economics/Business
Simeon Djankov,https://en.wikipedia.org/wiki/Simeon_Djankov,Economics/Business
Martin Eichenbaum,https://en.wikipedia.org/wiki/Martin_Eichenbaum,Economics/Business
Nicholas Bloom,https://en.wikipedia.org/wiki/Nicholas_Bloom,Economics/Business
Guido Imbens,https://en.wikipedia.org/wiki/Guido_Imbens,Economics/Business
Andrew Bernard,https://en.wikipedia.org/wiki/Andrew_Bernard,Economics/Business
Michael Lounsbury,https://en.wikipedia.org/wiki/Michael_Lounsbury,Economics/Business
Robert Lusch,https://en.wikipedia.org/wiki/Robert_Lusch,Economics/Business
Armin Falk,https://en.wikipedia.org/wiki/Armin_Falk,Economics/Business
Henry Chesbrough,https://en.wikipedia.org/wiki/Henry_Chesbrough,Economics/Business
Ulrike Malmendier,https://en.wikipedia.org/wiki/Ulrike_Malmendier,Economics/Business
Uri Gneezy,https://en.wikipedia.org/wiki/Uri_Gneezy,Economics/Business
Luigi Zingales,https://en.wikipedia.org/wiki/Luigi_Zingales,Economics/Business
Marianne Bertrand,https://en.wikipedia.org/wiki/Marianne_Bertrand,Economics/Business
Stephen Vargo,https://en.wikipedia.org/wiki/Stephen_Vargo,Economics/Business
Andrew B Bernard,https://en.wikipedia.org/wiki/Andrew_B_Bernard,Economics/Business
John A List,https://en.wikipedia.org/wiki/John_A_List,Economics/Business
Ross Levine,https://en.wikipedia.org/wiki/Ross_Levine,Economics/Business
William Easterly,https://en.wikipedia.org/wiki/William_Easterly,Economics/Business
Edward Miguel,https://en.wikipedia.org/wiki/Edward_Miguel,Economics/Business
George Loewenstein,https://en.wikipedia.org/wiki/George_Loewenstein,Economics/Business
Oliver Blanchard,https://en.wikipedia.org/wiki/Oliver_Blanchard,Economics/Business
Valarie Zeithaml,https://en.wikipedia.org/wiki/Valarie_Zeithaml,Economics/Business
Richard Roll,https://en.wikipedia.org/wiki/Richard_Roll,Economics/Business
Birger Wernerfelt,https://en.wikipedia.org/wiki/Birger_Wernerfelt,Economics/Business
Ariel Rubinstein,https://en.wikipedia.org/wiki/Ariel_Rubinstein,Economics/Business
Spyros Makridakis,https://en.wikipedia.org/wiki/Spyros_Makridakis,Economics/Business
Lars Svensson,https://en.wikipedia.org/wiki/Lars_E._O._Svensson,Economics/Business
Andrew Van de Ven,https://en.wikipedia.org/wiki/Andrew_Van_de_Ven,Economics/Business
Bengt Holmstrom,https://en.wikipedia.org/wiki/Bengt_Holmstrom,Economics/Business
Wayne Fuller,https://en.wikipedia.org/wiki/Wayne_Fuller,Economics/Business
Ali Khademhosseini,https://en.wikipedia.org/wiki/Ali_Khademhosseini,Materials Science
Subra Suresh,https://en.wikipedia.org/wiki/Subra_Suresh,Materials Science
Jean-Marie Tarascon,https://en.wikipedia.org/wiki/Jean-Marie_Tarascon,Materials Science
Younan Xia,https://en.wikipedia.org/wiki/Younan_Xia,Materials Science
Jenny Nelson,https://en.wikipedia.org/wiki/Jenny_Nelson,Materials Science
Ingrid Daubechies,https://en.wikipedia.org/wiki/Ingrid_Daubechies,Mathematics
Tasawar Hayat,https://en.wikipedia.org/wiki/Tasawar_Hayat,Mathematics
Jianqing Fan,https://en.wikipedia.org/wiki/Jianqing_Fan,Mathematics
Peter Ozsvath,https://en.wikipedia.org/wiki/Peter_Ozsvath,Mathematics
Zoltan Szabo,https://en.wikipedia.org/wiki/Zolt%C3%A1n_Szab%C3%B3_(mathematician),Mathematics
Shijun Liao,https://en.wikipedia.org/wiki/Shijun_Liao,Mathematics
Bradley Efron,https://en.wikipedia.org/wiki/Bradley_Efron,Mathematics
Robert Tibshirani,https://en.wikipedia.org/wiki/Robert_Tibshirani,Mathematics
Peter Gavin Hall,https://en.wikipedia.org/wiki/Peter_Gavin_Hall,Mathematics
Bernhard Keller,https://en.wikipedia.org/wiki/Bernhard_Keller,Mathematics
Giuseppe Mingione,https://en.wikipedia.org/wiki/Giuseppe_Mingione,Mathematics
Henri Berestycki,https://en.wikipedia.org/wiki/Henri_Berestycki,Mathematics
Idun Reiten,https://en.wikipedia.org/wiki/Idun_Reiten,Mathematics
Oded Schramm,https://en.wikipedia.org/wiki/Oded_Schramm,Mathematics
Pauline Van Den Driessche,https://en.wikipedia.org/wiki/Pauline_van_den_Driessche,Mathematics
Saeid Abbasbandy,https://en.wikipedia.org/wiki/Saeid_Abbasbandy,Mathematics
Sergey Fomin,https://en.wikipedia.org/wiki/Sergey_Fomin,Mathematics
Rainer Blatt,https://en.wikipedia.org/wiki/Rainer_Blatt,Physics
Michal Lipson,https://en.wikipedia.org/wiki/Michal_Lipson,Physics
Paul McEuen,https://en.wikipedia.org/wiki/Paul_McEuen,Physics
Cees Dekker,https://en.wikipedia.org/wiki/Cees_Dekker,Physics
Tilman Esslinger,https://en.wikipedia.org/wiki/Tilman_Esslinger,Physics
Claire Berger,https://en.wikipedia.org/wiki/Claire_Berger,Physics
Philip Kim,https://en.wikipedia.org/wiki/Philip_Kim,Physics
Amir Yacoby,https://en.wikipedia.org/wiki/Amir_Yacoby,Physics
Phaedon Avouris,https://en.wikipedia.org/wiki/Phaedon_Avouris,Physics
Juan Maldacena,https://en.wikipedia.org/wiki/Juan_Maldacena,Physics
Shin'Ichi Nojiri,https://en.wikipedia.org/wiki/Shin%27ichi_Nojiri,Physics
Arun Majumdar,https://en.wikipedia.org/wiki/Arun_Majumdar,Physics
Alex Zettl,https://en.wikipedia.org/wiki/Alex_Zettl,Physics
John Robertson,https://en.wikipedia.org/wiki/John_Robertson_(physicist),Physics
Jun Ye,https://en.wikipedia.org/wiki/Jun_Ye,Physics
Rudolf Grimm,https://en.wikipedia.org/wiki/Rudolf_Grimm,Physics
Immanuel Bloch,https://en.wikipedia.org/wiki/Immanuel_Bloch,Physics
Sankar Das Sarma,https://en.wikipedia.org/wiki/Sankar_Das_Sarma,Physics
Albert-Laszlo Barabasi,https://en.wikipedia.org/wiki/Albert-Laszlo_Barabasi,Physics
Bernhard Keimer,https://en.wikipedia.org/wiki/Bernhard_Keimer,Physics
Dam Thanh Son,https://en.wikipedia.org/wiki/Dam_Thanh_Son,Physics
Guanrong Chen,https://en.wikipedia.org/wiki/Guanrong_Chen,Physics
Jian-Wei Pan,https://en.wikipedia.org/wiki/Jian-Wei_Pan,Physics
Matjaz Perc,https://en.wikipedia.org/wiki/Matja%C5%BE_Perc,Physics
Sang-Wook Cheong,https://en.wikipedia.org/wiki/Sang-Wook_Cheong,Physics
Subir Sachdev,https://en.wikipedia.org/wiki/Subir_Sachdev,Physics
Kurt Binder,https://en.wikipedia.org/wiki/Kurt_Binder,Physics
Roberto Car,https://en.wikipedia.org/wiki/Roberto_Car,Physics
Dimitri Nanopoulos,https://en.wikipedia.org/wiki/Dimitri_Nanopoulos,Physics
Lynn Schneemeyer,https://en.wikipedia.org/wiki/Lynn_Schneemeyer,Physics
John Perdew,https://en.wikipedia.org/wiki/John_Perdew,Physics
Robert Birgeneau,https://en.wikipedia.org/wiki/Robert_Birgeneau,Physics
Edward Ott,https://en.wikipedia.org/wiki/Edward_Ott,Physics
Nathan Seiberg,https://en.wikipedia.org/wiki/Nathan_Seiberg,Physics
Giorgio Parisi,https://en.wikipedia.org/wiki/Giorgio_Parisi,Physics
Stuart Parkin,https://en.wikipedia.org/wiki/Stuart_Parkin,Physics
Peter Grassberger,https://en.wikipedia.org/wiki/Peter_Grassberger,Physics
Jeffrey Harvey,https://en.wikipedia.org/wiki/Jeffrey_A._Harvey,Physics
Sergio Ferrara,https://en.wikipedia.org/wiki/Sergio_Ferrara,Physics
Horst Stocker,https://en.wikipedia.org/wiki/Horst_Stocker,Physics
Alexander Zamolodchikov,https://en.wikipedia.org/wiki/Alexander_Zamolodchikov,Physics
Michele Parrinello,https://en.wikipedia.org/wiki/Michele_Parrinello,Physics
Peter Kalmus,https://en.wikipedia.org/wiki/Peter_Kalmus,Physics
Peter Knight,https://en.wikipedia.org/wiki/Peter_Knight_(scientist),Physics
Marlan Scully,https://en.wikipedia.org/wiki/Marlan_Scully,Physics
Donal Bradley,https://en.wikipedia.org/wiki/Donal_Bradley,Physics
Witold Nazarewicz,https://en.wikipedia.org/wiki/Witold_Nazarewicz,Physics
Richard Wilson,https://en.wikipedia.org/wiki/Richard_Wilson_(physicist),Physics
Keith Olive,https://en.wikipedia.org/wiki/Keith_Olive,Physics
Marc Kastner,https://en.wikipedia.org/wiki/Marc_Kastner,Physics
George Sawatzky,https://en.wikipedia.org/wiki/George_Sawatzky,Physics
Cumrun Vafa,https://en.wikipedia.org/wiki/Cumrun_Vafa,Physics
Gerald Bastard,https://en.wikipedia.org/wiki/Gerald_Bastard,Physics
Theodore Geballe,https://en.wikipedia.org/wiki/Theodore_H._Geballe,Physics
Christoph Gerber,https://en.wikipedia.org/wiki/Christoph_Gerber,Physics
Ivan Schuller,https://en.wikipedia.org/wiki/Ivan_Schuller,Physics
Ian Affleck,https://en.wikipedia.org/wiki/Ian_Affleck,Physics
Roman Jackiw,https://en.wikipedia.org/wiki/Roman_Jackiw,Physics
